{"cameraMode":{"drawMode":0,"name":"Shaded","section":"Shading Mode"},"sceneLighting":true,"audioPlay":false,"sceneViewState":{"m_AlwaysRefresh":false,"showFog":true,"showSkybox":false,"showFlares":true,"showImageEffects":true,"showParticleSystems":true,"showVisualEffectGraphs":true,"m_FxEnabled":true},"in2DMode":false,"pivot":{"x":0.5004537105560303,"y":0.5146140456199646,"z":-0.9761103987693787},"rotation":{"x":0.1235891729593277,"y":0.6974543929100037,"z":-0.12706837058067323,"w":0.6950840353965759},"size":0.37749171257019045,"orthographic":false}