{"cameraMode":{"drawMode":0,"name":"Shaded","section":"Shading Mode"},"sceneLighting":false,"audioPlay":false,"sceneViewState":{"m_AlwaysRefresh":false,"showFog":true,"showSkybox":false,"showFlares":true,"showImageEffects":true,"showParticleSystems":true,"showVisualEffectGraphs":true,"m_FxEnabled":true},"in2DMode":false,"pivot":{"x":0.010373830795288086,"y":0.46036550402641299,"z":0.08320242166519165},"rotation":{"x":-0.03873301297426224,"y":0.05499472841620445,"z":0.0011757859028875828,"w":-0.9982835054397583},"size":0.3707563579082489,"orthographic":false}